{
  "cases": [
    {
      "club_strengths": {
        "5": {
          "strength_attack_away": 1000,
          "strength_attack_home": 1100,
          "strength_defence_away": 1300,
          "strength_defence_home": 1200
        }
      },
      "expected": {
        "p25": -98.83261836358534,
        "p50": -20.592023499168345,
        "p75": 224.11103514893045
      },
      "expected_features": {
        "form_bps": 24.486486486486484,
        "form_creativity": 22.432432432432428,
        "form_defensive_contribution": 3.0810810810810807,
        "form_expected_assists": 0.2081081081081081,
        "form_expected_goal_involvements": 0.6243243243243242,
        "form_expected_goals": 0.4162162162162162,
        "form_influence": 30.67567567567567,
        "form_threat": 38.91891891891892,
        "form_total_points": 6.243243243243242,
        "opp_strength_att": 1.1,
        "opp_strength_def": 1.2,
        "value_scaled": 7.2,
        "was_home": 0.0,
        "xmin": 1.0
      },
      "position": "GKP",
      "prior_rows": [
        {
          "bps": 18,
          "creativity": 10.0,
          "defensive_contribution": 2,
          "expected_assists": 0.1,
          "expected_goal_involvements": 0.3,
          "expected_goals": 0.2,
          "fixture_id": 10,
          "gw": 1,
          "influence": 15.0,
          "starts": 1,
          "threat": 20.0,
          "total_points": 3
        },
        {
          "bps": 30,
          "creativity": 33.0,
          "defensive_contribution": 4,
          "expected_assists": 0.3,
          "expected_goal_involvements": 0.9,
          "expected_goals": 0.6,
          "fixture_id": 11,
          "gw": 2,
          "influence": 44.0,
          "starts": 1,
          "threat": 55.0,
          "total_points": 9
        }
      ],
      "target": {
        "opponent_team": 5,
        "value": 72,
        "was_home": false
      }
    },
    {
      "club_strengths": {
        "5": {
          "strength_attack_away": 1000,
          "strength_attack_home": 1100,
          "strength_defence_away": 1300,
          "strength_defence_home": 1200
        }
      },
      "expected": {
        "p25": 1.4124190434320187,
        "p50": 2.726476318262909,
        "p75": 7.568096159375827
      },
      "expected_features": {
        "form_bps": 24.486486486486484,
        "form_creativity": 22.432432432432428,
        "form_defensive_contribution": 3.0810810810810807,
        "form_expected_assists": 0.2081081081081081,
        "form_expected_goal_involvements": 0.6243243243243242,
        "form_expected_goals": 0.4162162162162162,
        "form_influence": 30.67567567567567,
        "form_threat": 38.91891891891892,
        "form_total_points": 6.243243243243242,
        "opp_strength_att": 1.0,
        "opp_strength_def": 1.3,
        "value_scaled": 7.2,
        "was_home": 1.0,
        "xmin": 1.0
      },
      "position": "DEF",
      "prior_rows": [
        {
          "bps": 18,
          "creativity": 10.0,
          "defensive_contribution": 2,
          "expected_assists": 0.1,
          "expected_goal_involvements": 0.3,
          "expected_goals": 0.2,
          "fixture_id": 20,
          "gw": 1,
          "influence": 15.0,
          "starts": 1,
          "threat": 20.0,
          "total_points": 3
        },
        {
          "bps": 30,
          "creativity": 33.0,
          "defensive_contribution": 4,
          "expected_assists": 0.3,
          "expected_goal_involvements": 0.9,
          "expected_goals": 0.6,
          "fixture_id": 21,
          "gw": 2,
          "influence": 44.0,
          "starts": 1,
          "threat": 55.0,
          "total_points": 9
        }
      ],
      "target": {
        "opponent_team": 5,
        "value": 72,
        "was_home": true
      }
    },
    {
      "club_strengths": {
        "5": {
          "strength_attack_away": 1000,
          "strength_attack_home": 1100,
          "strength_defence_away": 1300,
          "strength_defence_home": 1200
        }
      },
      "expected": {
        "p25": 1.595137801577055,
        "p50": 2.6032993715444155,
        "p75": 5.636685440990798
      },
      "expected_features": {
        "form_bps": 24.486486486486484,
        "form_creativity": 22.432432432432428,
        "form_defensive_contribution": 3.0810810810810807,
        "form_expected_assists": 0.2081081081081081,
        "form_expected_goal_involvements": 0.6243243243243242,
        "form_expected_goals": 0.4162162162162162,
        "form_influence": 30.67567567567567,
        "form_threat": 38.91891891891892,
        "form_total_points": 6.243243243243242,
        "opp_strength_att": 1.1,
        "opp_strength_def": 1.2,
        "value_scaled": 7.2,
        "was_home": 0.0,
        "xmin": 1.0
      },
      "position": "MID",
      "prior_rows": [
        {
          "bps": 18,
          "creativity": 10.0,
          "defensive_contribution": 2,
          "expected_assists": 0.1,
          "expected_goal_involvements": 0.3,
          "expected_goals": 0.2,
          "fixture_id": 30,
          "gw": 1,
          "influence": 15.0,
          "starts": 1,
          "threat": 20.0,
          "total_points": 3
        },
        {
          "bps": 30,
          "creativity": 33.0,
          "defensive_contribution": 4,
          "expected_assists": 0.3,
          "expected_goal_involvements": 0.9,
          "expected_goals": 0.6,
          "fixture_id": 31,
          "gw": 2,
          "influence": 44.0,
          "starts": 1,
          "threat": 55.0,
          "total_points": 9
        }
      ],
      "target": {
        "opponent_team": 5,
        "value": 72,
        "was_home": false
      }
    },
    {
      "club_strengths": {
        "5": {
          "strength_attack_away": 1000,
          "strength_attack_home": 1100,
          "strength_defence_away": 1300,
          "strength_defence_home": 1200
        }
      },
      "expected": {
        "p25": 1.974713676875673,
        "p50": 2.7361173238422714,
        "p75": 5.984604351985704
      },
      "expected_features": {
        "form_bps": 24.486486486486484,
        "form_creativity": 22.432432432432428,
        "form_defensive_contribution": 3.0810810810810807,
        "form_expected_assists": 0.2081081081081081,
        "form_expected_goal_involvements": 0.6243243243243242,
        "form_expected_goals": 0.4162162162162162,
        "form_influence": 30.67567567567567,
        "form_threat": 38.91891891891892,
        "form_total_points": 6.243243243243242,
        "opp_strength_att": 1.0,
        "opp_strength_def": 1.3,
        "value_scaled": 7.2,
        "was_home": 1.0,
        "xmin": 1.0
      },
      "position": "FWD",
      "prior_rows": [
        {
          "bps": 18,
          "creativity": 10.0,
          "defensive_contribution": 2,
          "expected_assists": 0.1,
          "expected_goal_involvements": 0.3,
          "expected_goals": 0.2,
          "fixture_id": 40,
          "gw": 1,
          "influence": 15.0,
          "starts": 1,
          "threat": 20.0,
          "total_points": 3
        },
        {
          "bps": 30,
          "creativity": 33.0,
          "defensive_contribution": 4,
          "expected_assists": 0.3,
          "expected_goal_involvements": 0.9,
          "expected_goals": 0.6,
          "fixture_id": 41,
          "gw": 2,
          "influence": 44.0,
          "starts": 1,
          "threat": 55.0,
          "total_points": 9
        }
      ],
      "target": {
        "opponent_team": 5,
        "value": 72,
        "was_home": true
      }
    }
  ],
  "model_version": "v1.0.0"
}
